March 10, 2018, 09:00:00
March 10, 2018, 10:00:00
March 10, 2018, 11:00:00
March 10, 2018, 12:00:00
March 10, 2018, 13:00:00
March 10, 2018, 14:00:00
March 10, 2018, 15:00:00
March 10, 2018, 16:00:00
March 10, 2018, 17:00:00
March 10, 2018, 18:00:00
March 10, 2018, 19:00:00
March 10, 2018, 20:00:00
March 10, 2018, 21:00:00
March 10, 2018, 22:00:00
March 10, 2018, 23:00:00
March 11, 2018, 00:00:00
March 11, 2018, 01:00:00
March 11, 2018, 02:00:00
March 11, 2018, 03:00:00
March 11, 2018, 04:00:00
March 11, 2018, 05:00:00
March 11, 2018, 06:00:00
March 11, 2018, 07:00:00
March 11, 2018, 08:00:00
March 11, 2018, 09:00:00
March 11, 2018, 10:00:00
March 11, 2018, 11:00:00
March 11, 2018, 12:00:00
March 11, 2018, 13:00:00
March 11, 2018, 14:00:00
March 11, 2018, 15:00:00
March 11, 2018, 16:00:00
March 11, 2018, 17:00:00
March 11, 2018, 18:00:00
March 11, 2018, 19:00:00
March 11, 2018, 20:00:00
March 11, 2018, 21:00:00
March 11, 2018, 22:00:00
March 11, 2018, 23:00:00
March 12, 2018, 00:00:00
March 12, 2018, 01:00:00
March 12, 2018, 02:00:00
March 12, 2018, 03:00:00
March 12, 2018, 04:00:00
March 12, 2018, 05:00:00
March 12, 2018, 06:00:00
March 12, 2018, 07:00:00
March 12, 2018, 08:00:00
March 12, 2018, 09:00:00
March 12, 2018, 10:00:00
March 12, 2018, 11:00:00
March 12, 2018, 12:00:00
March 12, 2018, 13:00:00
March 12, 2018, 14:00:00
March 12, 2018, 15:00:00
March 12, 2018, 16:00:00
March 12, 2018, 17:00:00
March 12, 2018, 18:00:00
March 12, 2018, 19:00:00
March 12, 2018, 20:00:00
March 12, 2018, 21:00:00
March 12, 2018, 22:00:00
March 12, 2018, 23:00:00
March 13, 2018, 00:00:00
March 13, 2018, 01:00:00
March 13, 2018, 02:00:00
March 13, 2018, 03:00:00
March 13, 2018, 04:00:00
March 13, 2018, 05:00:00
March 13, 2018, 06:00:00
March 13, 2018, 07:00:00
March 13, 2018, 08:00:00
March 13, 2018, 09:00:00
March 13, 2018, 10:00:00
March 13, 2018, 11:00:00
March 13, 2018, 12:00:00
March 13, 2018, 13:00:00
March 13, 2018, 14:00:00
March 13, 2018, 15:00:00
March 13, 2018, 16:00:00
March 13, 2018, 17:00:00
March 13, 2018, 18:00:00
March 13, 2018, 19:00:00
March 13, 2018, 20:00:00
March 13, 2018, 21:00:00
March 13, 2018, 22:00:00
March 13, 2018, 23:00:00
March 14, 2018, 00:00:00
March 14, 2018, 01:00:00
March 14, 2018, 02:00:00
March 14, 2018, 03:00:00
March 14, 2018, 04:00:00
March 14, 2018, 05:00:00
March 14, 2018, 06:00:00
March 14, 2018, 07:00:00
March 14, 2018, 08:00:00
March 14, 2018, 09:00:00
March 14, 2018, 10:00:00
March 14, 2018, 11:00:00
March 14, 2018, 12:00:00
March 14, 2018, 13:00:00
March 14, 2018, 14:00:00
March 14, 2018, 15:00:00
March 14, 2018, 16:00:00
March 14, 2018, 17:00:00
March 14, 2018, 18:00:00
March 14, 2018, 19:00:00
March 14, 2018, 20:00:00
March 14, 2018, 21:00:00
March 14, 2018, 22:00:00
March 14, 2018, 23:00:00
March 15, 2018, 00:00:00
March 15, 2018, 01:00:00
March 15, 2018, 02:00:00
March 15, 2018, 03:00:00
March 15, 2018, 04:00:00
March 15, 2018, 05:00:00
March 15, 2018, 06:00:00
March 15, 2018, 07:00:00
March 15, 2018, 08:00:00
March 15, 2018, 09:00:00
March 15, 2018, 10:00:00
March 15, 2018, 11:00:00
March 15, 2018, 12:00:00
March 15, 2018, 13:00:00
March 15, 2018, 14:00:00
March 15, 2018, 15:00:00
March 15, 2018, 16:00:00
March 15, 2018, 17:00:00
March 15, 2018, 18:00:00
March 15, 2018, 19:00:00
March 15, 2018, 20:00:00
March 15, 2018, 21:00:00
March 15, 2018, 22:00:00
March 15, 2018, 23:00:00
March 16, 2018, 00:00:00
March 16, 2018, 01:00:00
March 16, 2018, 02:00:00
March 16, 2018, 03:00:00
March 16, 2018, 04:00:00
March 16, 2018, 05:00:00
March 16, 2018, 06:00:00
March 16, 2018, 07:00:00
March 16, 2018, 08:00:00
March 16, 2018, 09:00:00
March 16, 2018, 10:00:00
March 16, 2018, 11:00:00
March 16, 2018, 12:00:00
March 16, 2018, 13:00:00
March 16, 2018, 14:00:00
March 16, 2018, 15:00:00
March 16, 2018, 16:00:00
March 16, 2018, 17:00:00
March 16, 2018, 18:00:00
March 16, 2018, 19:00:00
March 16, 2018, 20:00:00
March 16, 2018, 21:00:00
March 16, 2018, 22:00:00
March 16, 2018, 23:00:00
March 17, 2018, 00:00:00
March 17, 2018, 01:00:00
March 17, 2018, 02:00:00
March 17, 2018, 03:00:00
March 17, 2018, 04:00:00
March 17, 2018, 05:00:00
March 17, 2018, 06:00:00
March 17, 2018, 07:00:00
March 17, 2018, 08:00:00
March 17, 2018, 09:00:00
March 17, 2018, 10:00:00
March 17, 2018, 11:00:00
March 17, 2018, 12:00:00
March 17, 2018, 13:00:00
March 17, 2018, 14:00:00
March 17, 2018, 15:00:00
March 17, 2018, 16:00:00
March 17, 2018, 17:00:00
March 17, 2018, 18:00:00
March 17, 2018, 19:00:00
March 17, 2018, 20:00:00
March 17, 2018, 21:00:00
March 17, 2018, 22:00:00
March 17, 2018, 23:00:00
March 18, 2018, 00:00:00
March 18, 2018, 01:00:00
March 18, 2018, 02:00:00
March 18, 2018, 03:00:00
March 18, 2018, 04:00:00
March 18, 2018, 05:00:00
March 18, 2018, 06:00:00
March 18, 2018, 07:00:00
March 18, 2018, 08:00:00
March 18, 2018, 09:00:00
March 18, 2018, 10:00:00
March 18, 2018, 11:00:00
March 18, 2018, 12:00:00
March 18, 2018, 13:00:00
March 18, 2018, 14:00:00
March 18, 2018, 15:00:00
March 18, 2018, 16:00:00
March 18, 2018, 17:00:00
March 18, 2018, 18:00:00
March 18, 2018, 19:00:00
March 18, 2018, 20:00:00
March 18, 2018, 21:00:00
March 18, 2018, 22:00:00
March 18, 2018, 23:00:00
March 19, 2018, 00:00:00
March 19, 2018, 01:00:00
March 19, 2018, 02:00:00
March 19, 2018, 03:00:00
March 19, 2018, 04:00:00
March 19, 2018, 05:00:00
March 19, 2018, 06:00:00
March 19, 2018, 07:00:00
March 19, 2018, 08:00:00
March 19, 2018, 09:00:00
March 19, 2018, 10:00:00
March 19, 2018, 11:00:00
March 19, 2018, 12:00:00
March 19, 2018, 13:00:00
March 19, 2018, 14:00:00
March 19, 2018, 15:00:00
March 19, 2018, 16:00:00
March 19, 2018, 17:00:00
March 19, 2018, 18:00:00
March 19, 2018, 19:00:00
March 19, 2018, 20:00:00
March 19, 2018, 21:00:00
March 19, 2018, 22:00:00
March 19, 2018, 23:00:00
March 20, 2018, 00:00:00
March 20, 2018, 01:00:00
March 20, 2018, 02:00:00
March 20, 2018, 03:00:00
March 20, 2018, 04:00:00
March 20, 2018, 05:00:00
March 20, 2018, 06:00:00
March 20, 2018, 07:00:00
March 20, 2018, 08:00:00
March 20, 2018, 09:00:00
March 20, 2018, 10:00:00
March 20, 2018, 11:00:00
March 20, 2018, 12:00:00
March 20, 2018, 13:00:00
March 20, 2018, 14:00:00
March 20, 2018, 15:00:00
March 20, 2018, 16:00:00
March 20, 2018, 17:00:00
March 20, 2018, 18:00:00
March 20, 2018, 19:00:00
March 20, 2018, 20:00:00
March 20, 2018, 21:00:00
March 20, 2018, 22:00:00
March 20, 2018, 23:00:00
March 21, 2018, 00:00:00
March 21, 2018, 01:00:00
March 21, 2018, 02:00:00
March 21, 2018, 03:00:00
March 21, 2018, 04:00:00
March 21, 2018, 05:00:00
March 21, 2018, 06:00:00
March 21, 2018, 07:00:00
March 21, 2018, 08:00:00
March 21, 2018, 09:00:00
March 21, 2018, 10:00:00
March 21, 2018, 11:00:00
March 21, 2018, 12:00:00
March 21, 2018, 13:00:00
March 21, 2018, 14:00:00
March 21, 2018, 15:00:00
March 21, 2018, 16:00:00
March 21, 2018, 17:00:00
March 21, 2018, 18:00:00
March 21, 2018, 19:00:00
March 21, 2018, 20:00:00
March 21, 2018, 21:00:00
March 21, 2018, 22:00:00
March 21, 2018, 23:00:00
March 22, 2018, 00:00:00
March 22, 2018, 01:00:00
March 22, 2018, 02:00:00
March 22, 2018, 03:00:00
March 22, 2018, 04:00:00
March 22, 2018, 05:00:00
March 22, 2018, 06:00:00
March 22, 2018, 07:00:00
March 22, 2018, 08:00:00
March 22, 2018, 09:00:00
March 22, 2018, 10:00:00
March 22, 2018, 11:00:00
March 22, 2018, 12:00:00
March 22, 2018, 13:00:00
March 22, 2018, 14:00:00
March 22, 2018, 15:00:00
March 22, 2018, 16:00:00
March 22, 2018, 17:00:00
March 22, 2018, 18:00:00
March 22, 2018, 19:00:00
March 22, 2018, 20:00:00
March 22, 2018, 21:00:00
March 22, 2018, 22:00:00
March 22, 2018, 23:00:00
March 23, 2018, 00:00:00
March 23, 2018, 01:00:00
March 23, 2018, 02:00:00
March 23, 2018, 03:00:00
March 23, 2018, 04:00:00
March 23, 2018, 05:00:00
March 23, 2018, 06:00:00
March 23, 2018, 07:00:00
March 23, 2018, 08:00:00
March 23, 2018, 09:00:00
March 23, 2018, 10:00:00
March 23, 2018, 11:00:00
March 23, 2018, 12:00:00
March 23, 2018, 13:00:00
March 23, 2018, 14:00:00
March 23, 2018, 15:00:00
March 23, 2018, 16:00:00
March 23, 2018, 17:00:00
March 23, 2018, 18:00:00
March 23, 2018, 19:00:00
March 23, 2018, 20:00:00
March 23, 2018, 21:00:00
March 23, 2018, 22:00:00
March 23, 2018, 23:00:00
March 24, 2018, 00:00:00
March 24, 2018, 01:00:00
March 24, 2018, 02:00:00
March 24, 2018, 03:00:00
March 24, 2018, 04:00:00
March 24, 2018, 05:00:00
March 24, 2018, 06:00:00
March 24, 2018, 07:00:00
March 24, 2018, 08:00:00
March 24, 2018, 09:00:00
March 24, 2018, 10:00:00
March 24, 2018, 11:00:00
March 24, 2018, 12:00:00
March 24, 2018, 13:00:00
March 24, 2018, 14:00:00
March 24, 2018, 15:00:00
March 24, 2018, 16:00:00
March 24, 2018, 17:00:00
March 24, 2018, 18:00:00
March 24, 2018, 19:00:00
March 24, 2018, 20:00:00
March 24, 2018, 21:00:00
March 24, 2018, 22:00:00
March 24, 2018, 23:00:00
March 25, 2018, 00:00:00
March 25, 2018, 01:00:00
March 25, 2018, 02:00:00
March 25, 2018, 03:00:00
March 25, 2018, 04:00:00
March 25, 2018, 05:00:00
March 25, 2018, 06:00:00
March 25, 2018, 07:00:00
March 25, 2018, 08:00:00
March 25, 2018, 09:00:00
March 25, 2018, 10:00:00
March 25, 2018, 11:00:00
March 25, 2018, 12:00:00
March 25, 2018, 13:00:00
March 25, 2018, 14:00:00
March 25, 2018, 15:00:00
March 25, 2018, 16:00:00
March 25, 2018, 17:00:00
March 25, 2018, 18:00:00
March 25, 2018, 19:00:00
March 25, 2018, 20:00:00
March 25, 2018, 21:00:00
March 25, 2018, 22:00:00
March 25, 2018, 23:00:00
March 26, 2018, 00:00:00
March 26, 2018, 01:00:00
March 26, 2018, 02:00:00
March 26, 2018, 03:00:00
March 26, 2018, 04:00:00
March 26, 2018, 05:00:00
March 26, 2018, 06:00:00
March 26, 2018, 07:00:00
March 26, 2018, 08:00:00
March 26, 2018, 09:00:00
March 26, 2018, 10:00:00
March 26, 2018, 11:00:00
March 26, 2018, 12:00:00
March 26, 2018, 13:00:00
March 26, 2018, 14:00:00
March 26, 2018, 15:00:00
March 26, 2018, 16:00:00
March 26, 2018, 17:00:00
March 26, 2018, 18:00:00
March 26, 2018, 19:00:00
March 26, 2018, 20:00:00
March 26, 2018, 21:00:00
March 26, 2018, 22:00:00
March 26, 2018, 23:00:00
March 27, 2018, 00:00:00
March 27, 2018, 01:00:00
March 27, 2018, 02:00:00
March 27, 2018, 03:00:00
March 27, 2018, 04:00:00
March 27, 2018, 05:00:00
March 27, 2018, 06:00:00
March 27, 2018, 07:00:00
March 27, 2018, 08:00:00
March 27, 2018, 09:00:00
March 27, 2018, 10:00:00
March 27, 2018, 11:00:00
March 27, 2018, 12:00:00
March 27, 2018, 13:00:00
March 27, 2018, 14:00:00
March 27, 2018, 15:00:00
March 27, 2018, 16:00:00
March 27, 2018, 17:00:00
March 27, 2018, 18:00:00
March 27, 2018, 19:00:00
March 27, 2018, 20:00:00
March 27, 2018, 21:00:00
March 27, 2018, 22:00:00
March 27, 2018, 23:00:00
March 28, 2018, 00:00:00
March 28, 2018, 01:00:00
March 28, 2018, 02:00:00
March 28, 2018, 03:00:00
March 28, 2018, 04:00:00
March 28, 2018, 05:00:00
March 28, 2018, 06:00:00
March 28, 2018, 07:00:00
March 28, 2018, 08:00:00
March 28, 2018, 09:00:00
March 28, 2018, 10:00:00
March 28, 2018, 11:00:00
March 28, 2018, 12:00:00
March 28, 2018, 13:00:00
March 28, 2018, 14:00:00
March 28, 2018, 15:00:00
March 28, 2018, 16:00:00
March 28, 2018, 17:00:00
March 28, 2018, 18:00:00
March 28, 2018, 19:00:00
March 28, 2018, 20:00:00
March 28, 2018, 21:00:00
March 28, 2018, 22:00:00
March 28, 2018, 23:00:00
March 29, 2018, 00:00:00
March 29, 2018, 01:00:00
March 29, 2018, 02:00:00
March 29, 2018, 03:00:00
March 29, 2018, 04:00:00
March 29, 2018, 05:00:00
March 29, 2018, 06:00:00
March 29, 2018, 07:00:00
March 29, 2018, 08:00:00
March 29, 2018, 09:00:00
March 29, 2018, 10:00:00
March 29, 2018, 11:00:00
March 29, 2018, 12:00:00
March 29, 2018, 13:00:00
March 29, 2018, 14:00:00
March 29, 2018, 15:00:00
March 29, 2018, 16:00:00
March 29, 2018, 17:00:00
March 29, 2018, 18:00:00
March 29, 2018, 19:00:00
March 29, 2018, 20:00:00
March 29, 2018, 21:00:00
March 29, 2018, 22:00:00
March 29, 2018, 23:00:00
March 30, 2018, 00:00:00
March 30, 2018, 01:00:00
March 30, 2018, 02:00:00
March 30, 2018, 03:00:00
March 30, 2018, 04:00:00
March 30, 2018, 05:00:00
March 30, 2018, 06:00:00
March 30, 2018, 07:00:00
March 30, 2018, 08:00:00
March 30, 2018, 09:00:00
March 30, 2018, 10:00:00
March 30, 2018, 11:00:00
March 30, 2018, 12:00:00
March 30, 2018, 13:00:00
March 30, 2018, 14:00:00
March 30, 2018, 15:00:00
March 30, 2018, 16:00:00
March 30, 2018, 17:00:00
March 30, 2018, 18:00:00
March 30, 2018, 19:00:00
March 30, 2018, 20:00:00
March 30, 2018, 21:00:00
March 30, 2018, 22:00:00
March 30, 2018, 23:00:00
March 31, 2018, 00:00:00
March 31, 2018, 01:00:00
March 31, 2018, 02:00:00
March 31, 2018, 03:00:00
March 31, 2018, 04:00:00
March 31, 2018, 05:00:00
March 31, 2018, 06:00:00
March 31, 2018, 07:00:00
March 31, 2018, 08:00:00
March 31, 2018, 09:00:00
March 31, 2018, 10:00:00
March 31, 2018, 11:00:00
March 31, 2018, 12:00:00
March 31, 2018, 13:00:00
March 31, 2018, 14:00:00
March 31, 2018, 15:00:00
March 31, 2018, 16:00:00
March 31, 2018, 17:00:00
March 31, 2018, 18:00:00
March 31, 2018, 19:00:00
March 31, 2018, 20:00:00
March 31, 2018, 21:00:00
March 31, 2018, 22:00:00
March 31, 2018, 23:00:00
April 01, 2018, 00:00:00
April 01, 2018, 01:00:00
April 01, 2018, 02:00:00
April 01, 2018, 03:00:00
April 01, 2018, 04:00:00
April 01, 2018, 05:00:00
April 01, 2018, 06:00:00
April 01, 2018, 07:00:00
April 01, 2018, 08:00:00
April 01, 2018, 09:00:00
April 01, 2018, 10:00:00
April 01, 2018, 11:00:00
April 01, 2018, 12:00:00
April 01, 2018, 13:00:00
April 01, 2018, 14:00:00
April 01, 2018, 15:00:00
April 01, 2018, 16:00:00
April 01, 2018, 17:00:00
April 01, 2018, 18:00:00
April 01, 2018, 19:00:00
April 01, 2018, 20:00:00
April 01, 2018, 21:00:00
April 01, 2018, 22:00:00
April 01, 2018, 23:00:00
April 02, 2018, 00:00:00
April 02, 2018, 01:00:00
April 02, 2018, 02:00:00
April 02, 2018, 03:00:00
April 02, 2018, 04:00:00
April 02, 2018, 05:00:00
April 02, 2018, 06:00:00
April 02, 2018, 07:00:00
April 02, 2018, 08:00:00
April 02, 2018, 09:00:00
April 02, 2018, 10:00:00
April 02, 2018, 11:00:00
April 02, 2018, 12:00:00
April 02, 2018, 13:00:00
April 02, 2018, 14:00:00
April 02, 2018, 15:00:00
April 02, 2018, 16:00:00
April 02, 2018, 17:00:00
April 02, 2018, 18:00:00
April 02, 2018, 19:00:00
April 02, 2018, 20:00:00
April 02, 2018, 21:00:00
April 02, 2018, 22:00:00
April 02, 2018, 23:00:00
April 03, 2018, 00:00:00
April 03, 2018, 01:00:00
April 03, 2018, 02:00:00
April 03, 2018, 03:00:00
April 03, 2018, 04:00:00
April 03, 2018, 05:00:00
April 03, 2018, 06:00:00
April 03, 2018, 07:00:00
April 03, 2018, 08:00:00
April 03, 2018, 09:00:00
April 03, 2018, 10:00:00
April 03, 2018, 11:00:00
April 03, 2018, 12:00:00
April 03, 2018, 13:00:00
April 03, 2018, 14:00:00
April 03, 2018, 15:00:00
April 03, 2018, 16:00:00
April 03, 2018, 17:00:00
April 03, 2018, 18:00:00
April 03, 2018, 19:00:00
April 03, 2018, 20:00:00
April 03, 2018, 21:00:00
April 03, 2018, 22:00:00
April 03, 2018, 23:00:00
April 04, 2018, 00:00:00
April 04, 2018, 01:00:00
April 04, 2018, 02:00:00
April 04, 2018, 03:00:00
April 04, 2018, 04:00:00
April 04, 2018, 05:00:00
April 04, 2018, 06:00:00
April 04, 2018, 07:00:00
April 04, 2018, 08:00:00
April 04, 2018, 09:00:00
April 04, 2018, 10:00:00
April 04, 2018, 11:00:00
April 04, 2018, 12:00:00
April 04, 2018, 13:00:00
April 04, 2018, 14:00:00
April 04, 2018, 15:00:00
April 04, 2018, 16:00:00
April 04, 2018, 17:00:00
April 04, 2018, 18:00:00
April 04, 2018, 19:00:00
April 04, 2018, 20:00:00
April 04, 2018, 21:00:00
April 04, 2018, 22:00:00
April 04, 2018, 23:00:00
April 05, 2018, 00:00:00
April 05, 2018, 01:00:00
April 05, 2018, 02:00:00
April 05, 2018, 03:00:00
April 05, 2018, 04:00:00
April 05, 2018, 05:00:00
April 05, 2018, 06:00:00
April 05, 2018, 07:00:00
April 05, 2018, 08:00:00
April 05, 2018, 09:00:00
April 05, 2018, 10:00:00
April 05, 2018, 11:00:00
April 05, 2018, 12:00:00
April 05, 2018, 13:00:00
April 05, 2018, 14:00:00
April 05, 2018, 15:00:00
April 05, 2018, 16:00:00
April 05, 2018, 17:00:00
April 05, 2018, 18:00:00
April 05, 2018, 19:00:00
April 05, 2018, 20:00:00
April 05, 2018, 21:00:00
April 05, 2018, 22:00:00
April 05, 2018, 23:00:00
April 06, 2018, 00:00:00
April 06, 2018, 01:00:00
April 06, 2018, 02:00:00
April 06, 2018, 03:00:00
April 06, 2018, 04:00:00
April 06, 2018, 05:00:00
April 06, 2018, 06:00:00
April 06, 2018, 07:00:00
April 06, 2018, 08:00:00
April 06, 2018, 09:00:00
April 06, 2018, 10:00:00
April 06, 2018, 11:00:00
April 06, 2018, 12:00:00
April 06, 2018, 13:00:00
April 06, 2018, 14:00:00
April 06, 2018, 15:00:00
April 06, 2018, 16:00:00
April 06, 2018, 17:00:00
April 06, 2018, 18:00:00
April 06, 2018, 19:00:00
April 06, 2018, 20:00:00
April 06, 2018, 21:00:00
April 06, 2018, 22:00:00
April 06, 2018, 23:00:00
April 07, 2018, 00:00:00
April 07, 2018, 01:00:00
April 07, 2018, 02:00:00
April 07, 2018, 03:00:00
April 07, 2018, 04:00:00
April 07, 2018, 05:00:00
April 07, 2018, 06:00:00
April 07, 2018, 07:00:00
April 07, 2018, 08:00:00
April 07, 2018, 09:00:00
April 07, 2018, 10:00:00
April 07, 2018, 11:00:00
April 07, 2018, 12:00:00
April 07, 2018, 13:00:00
April 07, 2018, 14:00:00
April 07, 2018, 15:00:00
April 07, 2018, 16:00:00
April 07, 2018, 17:00:00
April 07, 2018, 18:00:00
April 07, 2018, 19:00:00
April 07, 2018, 20:00:00
April 07, 2018, 21:00:00
April 07, 2018, 22:00:00
April 07, 2018, 23:00:00
April 08, 2018, 00:00:00
April 08, 2018, 01:00:00
April 08, 2018, 02:00:00
April 08, 2018, 03:00:00
April 08, 2018, 04:00:00
April 08, 2018, 05:00:00
April 08, 2018, 06:00:00
April 08, 2018, 07:00:00
April 08, 2018, 08:00:00
April 08, 2018, 09:00:00
April 08, 2018, 10:00:00
April 08, 2018, 11:00:00
April 08, 2018, 12:00:00
April 08, 2018, 13:00:00
April 08, 2018, 14:00:00
April 08, 2018, 15:00:00
April 08, 2018, 16:00:00
April 08, 2018, 17:00:00
April 08, 2018, 18:00:00
April 08, 2018, 19:00:00
April 08, 2018, 20:00:00
April 08, 2018, 21:00:00
April 08, 2018, 22:00:00
April 08, 2018, 23:00:00
April 09, 2018, 00:00:00
April 09, 2018, 01:00:00
April 09, 2018, 02:00:00
April 09, 2018, 03:00:00
April 09, 2018, 04:00:00
April 09, 2018, 05:00:00
April 09, 2018, 06:00:00
April 09, 2018, 07:00:00
April 09, 2018, 08:00:00
April 09, 2018, 09:00:00
April 09, 2018, 10:00:00
April 09, 2018, 11:00:00
April 09, 2018, 12:00:00
April 09, 2018, 13:00:00
April 09, 2018, 14:00:00
April 09, 2018, 15:00:00
April 09, 2018, 16:00:00
April 09, 2018, 17:00:00
April 09, 2018, 18:00:00
April 09, 2018, 19:00:00
April 09, 2018, 20:00:00
April 09, 2018, 21:00:00
April 09, 2018, 22:00:00
April 09, 2018, 23:00:00
April 10, 2018, 00:00:00
April 10, 2018, 01:00:00
April 10, 2018, 02:00:00
April 10, 2018, 03:00:00
April 10, 2018, 04:00:00
April 10, 2018, 05:00:00
April 10, 2018, 06:00:00
April 10, 2018, 07:00:00
April 10, 2018, 08:00:00
April 10, 2018, 09:00:00
April 10, 2018, 10:00:00
April 10, 2018, 11:00:00
April 10, 2018, 12:00:00
April 10, 2018, 13:00:00
April 10, 2018, 14:00:00
April 10, 2018, 15:00:00
April 10, 2018, 16:00:00
April 10, 2018, 17:00:00
April 10, 2018, 18:00:00
April 10, 2018, 19:00:00
April 10, 2018, 20:00:00
April 10, 2018, 21:00:00
April 10, 2018, 22:00:00
April 10, 2018, 23:00:00
April 11, 2018, 00:00:00
April 11, 2018, 01:00:00
April 11, 2018, 02:00:00
April 11, 2018, 03:00:00
April 11, 2018, 04:00:00
April 11, 2018, 05:00:00
April 11, 2018, 06:00:00
April 11, 2018, 07:00:00
April 11, 2018, 08:00:00
April 11, 2018, 09:00:00
April 11, 2018, 10:00:00
April 11, 2018, 11:00:00
April 11, 2018, 12:00:00
April 11, 2018, 13:00:00
April 11, 2018, 14:00:00
April 11, 2018, 15:00:00
April 11, 2018, 16:00:00
April 11, 2018, 17:00:00
April 11, 2018, 18:00:00
April 11, 2018, 19:00:00
April 11, 2018, 20:00:00
April 11, 2018, 21:00:00
April 11, 2018, 22:00:00
April 11, 2018, 23:00:00
April 12, 2018, 00:00:00
April 12, 2018, 01:00:00
April 12, 2018, 02:00:00
April 12, 2018, 03:00:00
April 12, 2018, 04:00:00
April 12, 2018, 05:00:00
April 12, 2018, 06:00:00
April 12, 2018, 07:00:00
April 12, 2018, 08:00:00
April 12, 2018, 09:00:00
April 12, 2018, 10:00:00
April 12, 2018, 11:00:00
April 12, 2018, 12:00:00
April 12, 2018, 13:00:00
April 12, 2018, 14:00:00
April 12, 2018, 15:00:00
April 12, 2018, 16:00:00
April 12, 2018, 17:00:00
April 12, 2018, 18:00:00
April 12, 2018, 19:00:00
April 12, 2018, 20:00:00
April 12, 2018, 21:00:00
April 12, 2018, 22:00:00
April 12, 2018, 23:00:00
April 13, 2018, 00:00:00
April 13, 2018, 01:00:00
April 13, 2018, 02:00:00
April 13, 2018, 03:00:00
April 13, 2018, 04:00:00
April 13, 2018, 05:00:00
April 13, 2018, 06:00:00
April 13, 2018, 07:00:00
April 13, 2018, 08:00:00
April 13, 2018, 09:00:00
April 13, 2018, 10:00:00
April 13, 2018, 11:00:00
April 13, 2018, 12:00:00
April 13, 2018, 13:00:00
April 13, 2018, 14:00:00
April 13, 2018, 15:00:00
April 13, 2018, 16:00:00
April 13, 2018, 17:00:00
April 13, 2018, 18:00:00
April 13, 2018, 19:00:00
April 13, 2018, 20:00:00
April 13, 2018, 21:00:00
April 13, 2018, 22:00:00
April 13, 2018, 23:00:00
April 14, 2018, 00:00:00
April 14, 2018, 01:00:00
April 14, 2018, 02:00:00
April 14, 2018, 03:00:00
April 14, 2018, 04:00:00
April 14, 2018, 05:00:00
April 14, 2018, 06:00:00
April 14, 2018, 07:00:00
April 14, 2018, 08:00:00
April 14, 2018, 09:00:00
April 14, 2018, 10:00:00
April 14, 2018, 11:00:00
April 14, 2018, 12:00:00
April 14, 2018, 13:00:00
April 14, 2018, 14:00:00
April 14, 2018, 15:00:00
April 14, 2018, 16:00:00
April 14, 2018, 17:00:00
April 14, 2018, 18:00:00
April 14, 2018, 19:00:00
April 14, 2018, 20:00:00
April 14, 2018, 21:00:00
April 14, 2018, 22:00:00
April 14, 2018, 23:00:00
April 15, 2018, 00:00:00
April 15, 2018, 01:00:00
April 15, 2018, 02:00:00
April 15, 2018, 03:00:00
April 15, 2018, 04:00:00
April 15, 2018, 05:00:00
April 15, 2018, 06:00:00
April 15, 2018, 07:00:00
April 15, 2018, 08:00:00
April 15, 2018, 09:00:00
April 15, 2018, 10:00:00
April 15, 2018, 11:00:00
April 15, 2018, 12:00:00
April 15, 2018, 13:00:00
April 15, 2018, 14:00:00
April 15, 2018, 15:00:00
April 15, 2018, 16:00:00
April 15, 2018, 17:00:00
April 15, 2018, 18:00:00
April 15, 2018, 19:00:00
April 15, 2018, 20:00:00
April 15, 2018, 21:00:00
April 15, 2018, 22:00:00
April 15, 2018, 23:00:00
April 16, 2018, 00:00:00
April 16, 2018, 01:00:00
April 16, 2018, 02:00:00
April 16, 2018, 03:00:00
April 16, 2018, 04:00:00
April 16, 2018, 05:00:00
April 16, 2018, 06:00:00
April 16, 2018, 07:00:00
April 16, 2018, 08:00:00
April 16, 2018, 09:00:00
April 16, 2018, 10:00:00
April 16, 2018, 11:00:00
April 16, 2018, 12:00:00
April 16, 2018, 13:00:00
April 16, 2018, 14:00:00
April 16, 2018, 15:00:00
April 16, 2018, 16:00:00
April 16, 2018, 17:00:00
April 16, 2018, 18:00:00
April 16, 2018, 19:00:00
April 16, 2018, 20:00:00
April 16, 2018, 21:00:00
April 16, 2018, 22:00:00
April 16, 2018, 23:00:00
April 17, 2018, 00:00:00
April 17, 2018, 01:00:00
April 17, 2018, 02:00:00
April 17, 2018, 03:00:00
April 17, 2018, 04:00:00
April 17, 2018, 05:00:00
April 17, 2018, 06:00:00
April 17, 2018, 07:00:00
April 17, 2018, 08:00:00
April 17, 2018, 09:00:00
April 17, 2018, 10:00:00
April 17, 2018, 11:00:00
April 17, 2018, 12:00:00
April 17, 2018, 13:00:00
April 17, 2018, 14:00:00
April 17, 2018, 15:00:00
April 17, 2018, 16:00:00
April 17, 2018, 17:00:00
April 17, 2018, 18:00:00
April 17, 2018, 19:00:00
April 17, 2018, 20:00:00
April 17, 2018, 21:00:00
April 17, 2018, 22:00:00
April 17, 2018, 23:00:00
April 18, 2018, 00:00:00
April 18, 2018, 01:00:00
April 18, 2018, 02:00:00
April 18, 2018, 03:00:00
April 18, 2018, 04:00:00
April 18, 2018, 05:00:00
April 18, 2018, 06:00:00
April 18, 2018, 07:00:00
April 18, 2018, 08:00:00
April 18, 2018, 09:00:00
April 18, 2018, 10:00:00
April 18, 2018, 11:00:00
April 18, 2018, 12:00:00
April 18, 2018, 13:00:00
April 18, 2018, 14:00:00
April 18, 2018, 15:00:00
April 18, 2018, 16:00:00
April 18, 2018, 17:00:00
April 18, 2018, 18:00:00
April 18, 2018, 19:00:00
April 18, 2018, 20:00:00
April 18, 2018, 21:00:00
April 18, 2018, 22:00:00
April 18, 2018, 23:00:00
April 19, 2018, 00:00:00
April 19, 2018, 01:00:00
April 19, 2018, 02:00:00
April 19, 2018, 03:00:00
April 19, 2018, 04:00:00
April 19, 2018, 05:00:00
April 19, 2018, 06:00:00
April 19, 2018, 07:00:00
April 19, 2018, 08:00:00
April 19, 2018, 09:00:00
April 19, 2018, 10:00:00
April 19, 2018, 11:00:00
April 19, 2018, 12:00:00
April 19, 2018, 13:00:00
April 19, 2018, 14:00:00
April 19, 2018, 15:00:00
April 19, 2018, 16:00:00
April 19, 2018, 17:00:00
April 19, 2018, 18:00:00
April 19, 2018, 19:00:00
April 19, 2018, 20:00:00
April 19, 2018, 21:00:00
April 19, 2018, 22:00:00
April 19, 2018, 23:00:00
April 20, 2018, 00:00:00
April 20, 2018, 01:00:00
April 20, 2018, 02:00:00
April 20, 2018, 03:00:00
April 20, 2018, 04:00:00
April 20, 2018, 05:00:00
April 20, 2018, 06:00:00
April 20, 2018, 07:00:00
April 20, 2018, 08:00:00
April 20, 2018, 09:00:00
April 20, 2018, 10:00:00
April 20, 2018, 11:00:00
April 20, 2018, 12:00:00
April 20, 2018, 13:00:00
April 20, 2018, 14:00:00
April 20, 2018, 15:00:00
April 20, 2018, 16:00:00
April 20, 2018, 17:00:00
April 20, 2018, 18:00:00
April 20, 2018, 19:00:00
April 20, 2018, 20:00:00
April 20, 2018, 21:00:00
April 20, 2018, 22:00:00
April 20, 2018, 23:00:00
April 21, 2018, 00:00:00
April 21, 2018, 01:00:00
April 21, 2018, 02:00:00
April 21, 2018, 03:00:00
April 21, 2018, 04:00:00
April 21, 2018, 05:00:00
April 21, 2018, 06:00:00
April 21, 2018, 07:00:00
April 21, 2018, 08:00:00
April 21, 2018, 09:00:00
April 21, 2018, 10:00:00
April 21, 2018, 11:00:00
April 21, 2018, 12:00:00
April 21, 2018, 13:00:00
April 21, 2018, 14:00:00
April 21, 2018, 15:00:00
April 21, 2018, 16:00:00
April 21, 2018, 17:00:00
April 21, 2018, 18:00:00
April 21, 2018, 19:00:00
April 21, 2018, 20:00:00
April 21, 2018, 21:00:00
April 21, 2018, 22:00:00
April 21, 2018, 23:00:00
April 22, 2018, 00:00:00
April 22, 2018, 01:00:00
April 22, 2018, 02:00:00
April 22, 2018, 03:00:00
April 22, 2018, 04:00:00
April 22, 2018, 05:00:00
April 22, 2018, 06:00:00
April 22, 2018, 07:00:00
April 22, 2018, 08:00:00
April 22, 2018, 09:00:00
April 22, 2018, 10:00:00
April 22, 2018, 11:00:00
April 22, 2018, 12:00:00
April 22, 2018, 13:00:00
April 22, 2018, 14:00:00
April 22, 2018, 15:00:00
April 22, 2018, 16:00:00
April 22, 2018, 17:00:00
April 22, 2018, 18:00:00
April 22, 2018, 19:00:00
April 22, 2018, 20:00:00
April 22, 2018, 21:00:00
April 22, 2018, 22:00:00
April 22, 2018, 23:00:00
April 23, 2018, 00:00:00
April 23, 2018, 01:00:00
April 23, 2018, 02:00:00
April 23, 2018, 03:00:00
April 23, 2018, 04:00:00
April 23, 2018, 05:00:00
April 23, 2018, 06:00:00
April 23, 2018, 07:00:00
April 23, 2018, 08:00:00
April 23, 2018, 09:00:00
April 23, 2018, 10:00:00
April 23, 2018, 11:00:00
April 23, 2018, 12:00:00
April 23, 2018, 13:00:00
April 23, 2018, 14:00:00
April 23, 2018, 15:00:00
April 23, 2018, 16:00:00
April 23, 2018, 17:00:00
April 23, 2018, 18:00:00
April 23, 2018, 19:00:00
April 23, 2018, 20:00:00
April 23, 2018, 21:00:00
April 23, 2018, 22:00:00
April 23, 2018, 23:00:00
April 24, 2018, 00:00:00
April 24, 2018, 01:00:00
April 24, 2018, 02:00:00
April 24, 2018, 03:00:00
April 24, 2018, 04:00:00
April 24, 2018, 05:00:00
April 24, 2018, 06:00:00
April 24, 2018, 07:00:00
April 24, 2018, 08:00:00
April 24, 2018, 09:00:00
April 24, 2018, 10:00:00
April 24, 2018, 11:00:00
April 24, 2018, 12:00:00
April 24, 2018, 13:00:00
April 24, 2018, 14:00:00
April 24, 2018, 15:00:00
April 24, 2018, 16:00:00
April 24, 2018, 17:00:00
April 24, 2018, 18:00:00
April 24, 2018, 19:00:00
April 24, 2018, 20:00:00
April 24, 2018, 21:00:00
April 24, 2018, 22:00:00
April 24, 2018, 23:00:00
April 25, 2018, 00:00:00
April 25, 2018, 01:00:00
April 25, 2018, 02:00:00
April 25, 2018, 03:00:00
April 25, 2018, 04:00:00
April 25, 2018, 05:00:00
April 25, 2018, 06:00:00
April 25, 2018, 07:00:00
April 25, 2018, 08:00:00
April 25, 2018, 09:00:00
April 25, 2018, 10:00:00
April 25, 2018, 11:00:00
April 25, 2018, 12:00:00
April 25, 2018, 13:00:00
April 25, 2018, 14:00:00
April 25, 2018, 15:00:00
April 25, 2018, 16:00:00
April 25, 2018, 17:00:00
April 25, 2018, 18:00:00
April 25, 2018, 19:00:00
April 25, 2018, 20:00:00
April 25, 2018, 21:00:00
April 25, 2018, 22:00:00
April 25, 2018, 23:00:00
April 26, 2018, 00:00:00
April 26, 2018, 01:00:00
April 26, 2018, 02:00:00
April 26, 2018, 03:00:00
April 26, 2018, 04:00:00
April 26, 2018, 05:00:00
April 26, 2018, 06:00:00
April 26, 2018, 07:00:00
April 26, 2018, 08:00:00
April 26, 2018, 09:00:00
April 26, 2018, 10:00:00
April 26, 2018, 11:00:00
April 26, 2018, 12:00:00
April 26, 2018, 13:00:00
April 26, 2018, 14:00:00
April 26, 2018, 15:00:00
April 26, 2018, 16:00:00
April 26, 2018, 17:00:00
April 26, 2018, 18:00:00
April 26, 2018, 19:00:00
April 26, 2018, 20:00:00
April 26, 2018, 21:00:00
April 26, 2018, 22:00:00
April 26, 2018, 23:00:00
April 27, 2018, 00:00:00
April 27, 2018, 01:00:00
April 27, 2018, 02:00:00
April 27, 2018, 03:00:00
April 27, 2018, 04:00:00
April 27, 2018, 05:00:00
April 27, 2018, 06:00:00
April 27, 2018, 07:00:00
April 27, 2018, 08:00:00
April 27, 2018, 09:00:00
April 27, 2018, 10:00:00
April 27, 2018, 11:00:00
April 27, 2018, 12:00:00
April 27, 2018, 13:00:00
April 27, 2018, 14:00:00
April 27, 2018, 15:00:00
April 27, 2018, 16:00:00
April 27, 2018, 17:00:00
April 27, 2018, 18:00:00
April 27, 2018, 19:00:00
April 27, 2018, 20:00:00
April 27, 2018, 21:00:00
April 27, 2018, 22:00:00
April 27, 2018, 23:00:00
April 28, 2018, 00:00:00
April 28, 2018, 01:00:00
April 28, 2018, 02:00:00
April 28, 2018, 03:00:00
April 28, 2018, 04:00:00
April 28, 2018, 05:00:00
April 28, 2018, 06:00:00
April 28, 2018, 07:00:00
April 28, 2018, 08:00:00
April 28, 2018, 09:00:00
April 28, 2018, 10:00:00
April 28, 2018, 11:00:00
April 28, 2018, 12:00:00
April 28, 2018, 13:00:00
April 28, 2018, 14:00:00
April 28, 2018, 15:00:00
April 28, 2018, 16:00:00
April 28, 2018, 17:00:00
April 28, 2018, 18:00:00
April 28, 2018, 19:00:00
April 28, 2018, 20:00:00
April 28, 2018, 21:00:00
April 28, 2018, 22:00:00
April 28, 2018, 23:00:00
April 29, 2018, 00:00:00
April 29, 2018, 01:00:00
April 29, 2018, 02:00:00
April 29, 2018, 03:00:00
April 29, 2018, 04:00:00
April 29, 2018, 05:00:00
April 29, 2018, 06:00:00
April 29, 2018, 07:00:00
April 29, 2018, 08:00:00
April 29, 2018, 09:00:00
April 29, 2018, 10:00:00
April 29, 2018, 11:00:00
April 29, 2018, 12:00:00
April 29, 2018, 13:00:00
April 29, 2018, 14:00:00
April 29, 2018, 15:00:00
April 29, 2018, 16:00:00
April 29, 2018, 17:00:00
April 29, 2018, 18:00:00
April 29, 2018, 19:00:00
April 29, 2018, 20:00:00
April 29, 2018, 21:00:00
April 29, 2018, 22:00:00
April 29, 2018, 23:00:00
April 30, 2018, 00:00:00
April 30, 2018, 01:00:00
April 30, 2018, 02:00:00
April 30, 2018, 03:00:00
April 30, 2018, 04:00:00
April 30, 2018, 05:00:00
April 30, 2018, 06:00:00
April 30, 2018, 07:00:00
April 30, 2018, 08:00:00
April 30, 2018, 09:00:00
April 30, 2018, 10:00:00
April 30, 2018, 11:00:00
April 30, 2018, 12:00:00
April 30, 2018, 13:00:00
April 30, 2018, 14:00:00
April 30, 2018, 15:00:00
April 30, 2018, 16:00:00
April 30, 2018, 17:00:00
April 30, 2018, 18:00:00
April 30, 2018, 19:00:00
April 30, 2018, 20:00:00
April 30, 2018, 21:00:00
April 30, 2018, 22:00:00
April 30, 2018, 23:00:00
May 01, 2018, 00:00:00
May 01, 2018, 01:00:00
May 01, 2018, 02:00:00
May 01, 2018, 03:00:00
May 01, 2018, 04:00:00
May 01, 2018, 05:00:00
May 01, 2018, 06:00:00
May 01, 2018, 07:00:00
May 01, 2018, 08:00:00
May 01, 2018, 09:00:00
May 01, 2018, 10:00:00
May 01, 2018, 11:00:00
May 01, 2018, 12:00:00
May 01, 2018, 13:00:00
May 01, 2018, 14:00:00
May 01, 2018, 15:00:00
May 01, 2018, 16:00:00
May 01, 2018, 17:00:00
May 01, 2018, 18:00:00
May 01, 2018, 19:00:00
May 01, 2018, 20:00:00
May 01, 2018, 21:00:00
May 01, 2018, 22:00:00
May 01, 2018, 23:00:00
May 02, 2018, 00:00:00
May 02, 2018, 01:00:00
May 02, 2018, 02:00:00
May 02, 2018, 03:00:00
May 02, 2018, 04:00:00
May 02, 2018, 05:00:00
May 02, 2018, 06:00:00
May 02, 2018, 07:00:00
May 02, 2018, 08:00:00
May 02, 2018, 09:00:00
May 02, 2018, 10:00:00
May 02, 2018, 11:00:00
May 02, 2018, 12:00:00
May 02, 2018, 13:00:00
May 02, 2018, 14:00:00
May 02, 2018, 15:00:00
May 02, 2018, 16:00:00
May 02, 2018, 17:00:00
May 02, 2018, 18:00:00
May 02, 2018, 19:00:00
May 02, 2018, 20:00:00
May 02, 2018, 21:00:00
May 02, 2018, 22:00:00
May 02, 2018, 23:00:00
May 03, 2018, 00:00:00
May 03, 2018, 01:00:00
May 03, 2018, 02:00:00
May 03, 2018, 03:00:00
May 03, 2018, 04:00:00
May 03, 2018, 05:00:00
May 03, 2018, 06:00:00
May 03, 2018, 07:00:00
May 03, 2018, 08:00:00
May 03, 2018, 09:00:00
May 03, 2018, 10:00:00
May 03, 2018, 11:00:00
May 03, 2018, 12:00:00
May 03, 2018, 13:00:00
May 03, 2018, 14:00:00
May 03, 2018, 15:00:00
May 03, 2018, 16:00:00
May 03, 2018, 17:00:00
May 03, 2018, 18:00:00
May 03, 2018, 19:00:00
May 03, 2018, 20:00:00
May 03, 2018, 21:00:00
May 03, 2018, 22:00:00
May 03, 2018, 23:00:00
May 04, 2018, 00:00:00
May 04, 2018, 01:00:00
May 04, 2018, 02:00:00
May 04, 2018, 03:00:00
May 04, 2018, 04:00:00
May 04, 2018, 05:00:00
May 04, 2018, 06:00:00
May 04, 2018, 07:00:00
May 04, 2018, 08:00:00
May 04, 2018, 09:00:00
May 04, 2018, 10:00:00
May 04, 2018, 11:00:00
May 04, 2018, 12:00:00
May 04, 2018, 13:00:00
May 04, 2018, 14:00:00
May 04, 2018, 15:00:00
May 04, 2018, 16:00:00
May 04, 2018, 17:00:00
May 04, 2018, 18:00:00
May 04, 2018, 19:00:00
May 04, 2018, 20:00:00
May 04, 2018, 21:00:00
May 04, 2018, 22:00:00
May 04, 2018, 23:00:00
May 05, 2018, 00:00:00
May 05, 2018, 01:00:00
May 05, 2018, 02:00:00
May 05, 2018, 03:00:00
May 05, 2018, 04:00:00
May 05, 2018, 05:00:00
May 05, 2018, 06:00:00
May 05, 2018, 07:00:00
May 05, 2018, 08:00:00
May 05, 2018, 09:00:00
May 05, 2018, 10:00:00
May 05, 2018, 11:00:00
May 05, 2018, 12:00:00
May 05, 2018, 13:00:00
May 05, 2018, 14:00:00
May 05, 2018, 15:00:00
May 05, 2018, 16:00:00
May 05, 2018, 17:00:00
May 05, 2018, 18:00:00
May 05, 2018, 19:00:00
May 05, 2018, 20:00:00
May 05, 2018, 21:00:00
May 05, 2018, 22:00:00
May 05, 2018, 23:00:00
May 06, 2018, 00:00:00
May 06, 2018, 01:00:00
May 06, 2018, 02:00:00
May 06, 2018, 03:00:00
May 06, 2018, 04:00:00
May 06, 2018, 05:00:00
May 06, 2018, 06:00:00
May 06, 2018, 07:00:00
May 06, 2018, 08:00:00
May 06, 2018, 09:00:00
May 06, 2018, 10:00:00
May 06, 2018, 11:00:00
May 06, 2018, 12:00:00
May 06, 2018, 13:00:00
May 06, 2018, 14:00:00
May 06, 2018, 15:00:00
May 06, 2018, 16:00:00
May 06, 2018, 17:00:00
May 06, 2018, 18:00:00
May 06, 2018, 19:00:00
May 06, 2018, 20:00:00
May 06, 2018, 21:00:00
May 06, 2018, 22:00:00
May 06, 2018, 23:00:00
May 07, 2018, 00:00:00
May 07, 2018, 01:00:00
May 07, 2018, 02:00:00
May 07, 2018, 03:00:00
May 07, 2018, 04:00:00
May 07, 2018, 05:00:00
May 07, 2018, 06:00:00
May 07, 2018, 07:00:00
May 07, 2018, 08:00:00
May 07, 2018, 09:00:00
May 07, 2018, 10:00:00
May 07, 2018, 11:00:00
May 07, 2018, 12:00:00
May 07, 2018, 13:00:00
May 07, 2018, 14:00:00
May 07, 2018, 15:00:00
May 07, 2018, 16:00:00
May 07, 2018, 17:00:00
May 07, 2018, 18:00:00
May 07, 2018, 19:00:00
May 07, 2018, 20:00:00
May 07, 2018, 21:00:00
May 07, 2018, 22:00:00
May 07, 2018, 23:00:00
May 08, 2018, 00:00:00
May 08, 2018, 01:00:00
May 08, 2018, 02:00:00
May 08, 2018, 03:00:00
May 08, 2018, 04:00:00
May 08, 2018, 05:00:00
May 08, 2018, 06:00:00
May 08, 2018, 07:00:00
May 08, 2018, 08:00:00
May 08, 2018, 09:00:00
May 08, 2018, 10:00:00
May 08, 2018, 11:00:00
May 08, 2018, 12:00:00
May 08, 2018, 13:00:00
May 08, 2018, 14:00:00
May 08, 2018, 15:00:00
May 08, 2018, 16:00:00
May 08, 2018, 17:00:00
May 08, 2018, 18:00:00
May 08, 2018, 19:00:00
May 08, 2018, 20:00:00
May 08, 2018, 21:00:00
May 08, 2018, 22:00:00
May 08, 2018, 23:00:00
May 09, 2018, 00:00:00
May 09, 2018, 01:00:00
May 09, 2018, 02:00:00
May 09, 2018, 03:00:00
May 09, 2018, 04:00:00
May 09, 2018, 05:00:00
May 09, 2018, 06:00:00
May 09, 2018, 07:00:00
May 09, 2018, 08:00:00
May 09, 2018, 09:00:00
May 09, 2018, 10:00:00
May 09, 2018, 11:00:00
May 09, 2018, 12:00:00
May 09, 2018, 13:00:00
May 09, 2018, 14:00:00
May 09, 2018, 15:00:00
May 09, 2018, 16:00:00
May 09, 2018, 17:00:00
May 09, 2018, 18:00:00
May 09, 2018, 19:00:00
May 09, 2018, 20:00:00
May 09, 2018, 21:00:00
May 09, 2018, 22:00:00
May 09, 2018, 23:00:00
May 10, 2018, 00:00:00
May 10, 2018, 01:00:00
May 10, 2018, 02:00:00
May 10, 2018, 03:00:00
May 10, 2018, 04:00:00
May 10, 2018, 05:00:00
May 10, 2018, 06:00:00
May 10, 2018, 07:00:00
May 10, 2018, 08:00:00
May 10, 2018, 09:00:00
May 10, 2018, 10:00:00
May 10, 2018, 11:00:00
May 10, 2018, 12:00:00
May 10, 2018, 13:00:00
May 10, 2018, 14:00:00
May 10, 2018, 15:00:00
May 10, 2018, 16:00:00
May 10, 2018, 17:00:00
May 10, 2018, 18:00:00
May 10, 2018, 19:00:00
May 10, 2018, 20:00:00
May 10, 2018, 21:00:00
May 10, 2018, 22:00:00
May 10, 2018, 23:00:00
May 11, 2018, 00:00:00
May 11, 2018, 01:00:00
May 11, 2018, 02:00:00
May 11, 2018, 03:00:00
May 11, 2018, 04:00:00
May 11, 2018, 05:00:00
May 11, 2018, 06:00:00
May 11, 2018, 07:00:00
May 11, 2018, 08:00:00
May 11, 2018, 09:00:00
May 11, 2018, 10:00:00
May 11, 2018, 11:00:00
May 11, 2018, 12:00:00
May 11, 2018, 13:00:00
May 11, 2018, 14:00:00
May 11, 2018, 15:00:00
May 11, 2018, 16:00:00
May 11, 2018, 17:00:00
May 11, 2018, 18:00:00
May 11, 2018, 19:00:00
May 11, 2018, 20:00:00
May 11, 2018, 21:00:00
May 11, 2018, 22:00:00
May 11, 2018, 23:00:00
May 12, 2018, 00:00:00
May 12, 2018, 01:00:00
May 12, 2018, 02:00:00
May 12, 2018, 03:00:00
May 12, 2018, 04:00:00
May 12, 2018, 05:00:00
May 12, 2018, 06:00:00
May 12, 2018, 07:00:00
May 12, 2018, 08:00:00
May 12, 2018, 09:00:00
May 12, 2018, 10:00:00
May 12, 2018, 11:00:00
May 12, 2018, 12:00:00
May 12, 2018, 13:00:00
May 12, 2018, 14:00:00
May 12, 2018, 15:00:00
May 12, 2018, 16:00:00
May 12, 2018, 17:00:00
May 12, 2018, 18:00:00
May 12, 2018, 19:00:00
May 12, 2018, 20:00:00
May 12, 2018, 21:00:00
May 12, 2018, 22:00:00
May 12, 2018, 23:00:00
May 13, 2018, 00:00:00
May 13, 2018, 01:00:00
May 13, 2018, 02:00:00
May 13, 2018, 03:00:00
May 13, 2018, 04:00:00
May 13, 2018, 05:00:00
May 13, 2018, 06:00:00
May 13, 2018, 07:00:00
May 13, 2018, 08:00:00
May 13, 2018, 09:00:00
May 13, 2018, 10:00:00
May 13, 2018, 11:00:00
May 13, 2018, 12:00:00
May 13, 2018, 13:00:00
May 13, 2018, 14:00:00
May 13, 2018, 15:00:00
May 13, 2018, 16:00:00
May 13, 2018, 17:00:00
May 13, 2018, 18:00:00
May 13, 2018, 19:00:00
May 13, 2018, 20:00:00
May 13, 2018, 21:00:00
May 13, 2018, 22:00:00
May 13, 2018, 23:00:00
May 14, 2018, 00:00:00
May 14, 2018, 01:00:00
May 14, 2018, 02:00:00
May 14, 2018, 03:00:00
May 14, 2018, 04:00:00
May 14, 2018, 05:00:00
May 14, 2018, 06:00:00
May 14, 2018, 07:00:00
May 14, 2018, 08:00:00
May 14, 2018, 09:00:00
May 14, 2018, 10:00:00
May 14, 2018, 11:00:00
May 14, 2018, 12:00:00
May 14, 2018, 13:00:00
May 14, 2018, 14:00:00
May 14, 2018, 15:00:00
May 14, 2018, 16:00:00
May 14, 2018, 17:00:00
May 14, 2018, 18:00:00
May 14, 2018, 19:00:00
May 14, 2018, 20:00:00
May 14, 2018, 21:00:00
May 14, 2018, 22:00:00
May 14, 2018, 23:00:00
May 15, 2018, 00:00:00
May 15, 2018, 01:00:00
May 15, 2018, 02:00:00
May 15, 2018, 03:00:00
May 15, 2018, 04:00:00
May 15, 2018, 05:00:00
May 15, 2018, 06:00:00
May 15, 2018, 07:00:00
May 15, 2018, 08:00:00
May 15, 2018, 09:00:00
May 15, 2018, 10:00:00
May 15, 2018, 11:00:00
May 15, 2018, 12:00:00
May 15, 2018, 13:00:00
May 15, 2018, 14:00:00
May 15, 2018, 15:00:00
May 15, 2018, 16:00:00
May 15, 2018, 17:00:00
May 15, 2018, 18:00:00
May 15, 2018, 19:00:00
May 15, 2018, 20:00:00
May 15, 2018, 21:00:00
May 15, 2018, 22:00:00
May 15, 2018, 23:00:00
May 16, 2018, 00:00:00
May 16, 2018, 01:00:00
May 16, 2018, 02:00:00
May 16, 2018, 03:00:00
May 16, 2018, 04:00:00
May 16, 2018, 05:00:00
May 16, 2018, 06:00:00
May 16, 2018, 07:00:00
May 16, 2018, 08:00:00
May 16, 2018, 09:00:00
May 16, 2018, 10:00:00
May 16, 2018, 11:00:00
May 16, 2018, 12:00:00
May 16, 2018, 13:00:00
May 16, 2018, 14:00:00
May 16, 2018, 15:00:00
May 16, 2018, 16:00:00
May 16, 2018, 17:00:00
May 16, 2018, 18:00:00
May 16, 2018, 19:00:00
May 16, 2018, 20:00:00
May 16, 2018, 21:00:00
May 16, 2018, 22:00:00
May 16, 2018, 23:00:00
May 17, 2018, 00:00:00
May 17, 2018, 01:00:00
May 17, 2018, 02:00:00
May 17, 2018, 03:00:00
May 17, 2018, 04:00:00
May 17, 2018, 05:00:00
May 17, 2018, 06:00:00
May 17, 2018, 07:00:00
May 17, 2018, 08:00:00
May 17, 2018, 09:00:00
May 17, 2018, 10:00:00
May 17, 2018, 11:00:00
May 17, 2018, 12:00:00
May 17, 2018, 13:00:00
May 17, 2018, 14:00:00
May 17, 2018, 15:00:00
May 17, 2018, 16:00:00
May 17, 2018, 17:00:00
May 17, 2018, 18:00:00
May 17, 2018, 19:00:00
May 17, 2018, 20:00:00
May 17, 2018, 21:00:00
May 17, 2018, 22:00:00
May 17, 2018, 23:00:00
May 18, 2018, 00:00:00
May 18, 2018, 01:00:00
May 18, 2018, 02:00:00
May 18, 2018, 03:00:00
May 18, 2018, 04:00:00
May 18, 2018, 05:00:00
May 18, 2018, 06:00:00
May 18, 2018, 07:00:00
May 18, 2018, 08:00:00
May 18, 2018, 09:00:00
May 18, 2018, 10:00:00
May 18, 2018, 11:00:00
May 18, 2018, 12:00:00
May 18, 2018, 13:00:00
May 18, 2018, 14:00:00
May 18, 2018, 15:00:00
May 18, 2018, 16:00:00
May 18, 2018, 17:00:00
May 18, 2018, 18:00:00
May 18, 2018, 19:00:00
May 18, 2018, 20:00:00
May 18, 2018, 21:00:00
May 18, 2018, 22:00:00
May 18, 2018, 23:00:00
May 19, 2018, 00:00:00
May 19, 2018, 01:00:00
May 19, 2018, 02:00:00
May 19, 2018, 03:00:00
May 19, 2018, 04:00:00
May 19, 2018, 05:00:00
May 19, 2018, 06:00:00
May 19, 2018, 07:00:00
May 19, 2018, 08:00:00
May 19, 2018, 09:00:00
May 19, 2018, 10:00:00
May 19, 2018, 11:00:00
May 19, 2018, 12:00:00
May 19, 2018, 13:00:00
May 19, 2018, 14:00:00
May 19, 2018, 15:00:00
May 19, 2018, 16:00:00
May 19, 2018, 17:00:00
May 19, 2018, 18:00:00
May 19, 2018, 19:00:00
May 19, 2018, 20:00:00
May 19, 2018, 21:00:00
May 19, 2018, 22:00:00
May 19, 2018, 23:00:00
May 20, 2018, 00:00:00
May 20, 2018, 01:00:00
May 20, 2018, 02:00:00
May 20, 2018, 03:00:00
May 20, 2018, 04:00:00
May 20, 2018, 05:00:00
May 20, 2018, 06:00:00
May 20, 2018, 07:00:00
May 20, 2018, 08:00:00
May 20, 2018, 09:00:00
May 20, 2018, 10:00:00
May 20, 2018, 11:00:00
May 20, 2018, 12:00:00
May 20, 2018, 13:00:00
May 20, 2018, 14:00:00
May 20, 2018, 15:00:00
May 20, 2018, 16:00:00
May 20, 2018, 17:00:00
May 20, 2018, 18:00:00
May 20, 2018, 19:00:00
May 20, 2018, 20:00:00
May 20, 2018, 21:00:00
May 20, 2018, 22:00:00
May 20, 2018, 23:00:00
May 21, 2018, 00:00:00
May 21, 2018, 01:00:00
May 21, 2018, 02:00:00
May 21, 2018, 03:00:00
May 21, 2018, 04:00:00
May 21, 2018, 05:00:00
May 21, 2018, 06:00:00
May 21, 2018, 07:00:00
May 21, 2018, 08:00:00
May 21, 2018, 09:00:00
May 21, 2018, 10:00:00
May 21, 2018, 11:00:00
May 21, 2018, 12:00:00
May 21, 2018, 13:00:00
May 21, 2018, 14:00:00
May 21, 2018, 15:00:00
May 21, 2018, 16:00:00
May 21, 2018, 17:00:00
May 21, 2018, 18:00:00
May 21, 2018, 19:00:00
May 21, 2018, 20:00:00
May 21, 2018, 21:00:00
May 21, 2018, 22:00:00
May 21, 2018, 23:00:00
May 22, 2018, 00:00:00
May 22, 2018, 01:00:00
May 22, 2018, 02:00:00
May 22, 2018, 03:00:00
May 22, 2018, 04:00:00
May 22, 2018, 05:00:00
May 22, 2018, 06:00:00
May 22, 2018, 07:00:00
May 22, 2018, 08:00:00
May 22, 2018, 09:00:00
May 22, 2018, 10:00:00
May 22, 2018, 11:00:00
May 22, 2018, 12:00:00
May 22, 2018, 13:00:00
May 22, 2018, 14:00:00
May 22, 2018, 15:00:00
May 22, 2018, 16:00:00
May 22, 2018, 17:00:00
May 22, 2018, 18:00:00
May 22, 2018, 19:00:00
May 22, 2018, 20:00:00
May 22, 2018, 21:00:00
May 22, 2018, 22:00:00
May 22, 2018, 23:00:00
May 23, 2018, 00:00:00
May 23, 2018, 01:00:00
May 23, 2018, 02:00:00
May 23, 2018, 03:00:00
May 23, 2018, 04:00:00
May 23, 2018, 05:00:00
May 23, 2018, 06:00:00
May 23, 2018, 07:00:00
May 23, 2018, 08:00:00
May 23, 2018, 09:00:00
May 23, 2018, 10:00:00
May 23, 2018, 11:00:00
May 23, 2018, 12:00:00
May 23, 2018, 13:00:00
May 23, 2018, 14:00:00
May 23, 2018, 15:00:00
May 23, 2018, 16:00:00
May 23, 2018, 17:00:00
May 23, 2018, 18:00:00
May 23, 2018, 19:00:00
May 23, 2018, 20:00:00
May 23, 2018, 21:00:00
May 23, 2018, 22:00:00
May 23, 2018, 23:00:00
May 24, 2018, 00:00:00
May 24, 2018, 01:00:00
May 24, 2018, 02:00:00
May 24, 2018, 03:00:00
May 24, 2018, 04:00:00
May 24, 2018, 05:00:00
May 24, 2018, 06:00:00
May 24, 2018, 07:00:00
May 24, 2018, 08:00:00
May 24, 2018, 09:00:00
May 24, 2018, 10:00:00
May 24, 2018, 11:00:00
May 24, 2018, 12:00:00
May 24, 2018, 13:00:00
May 24, 2018, 14:00:00
May 24, 2018, 15:00:00
May 24, 2018, 16:00:00
May 24, 2018, 17:00:00
May 24, 2018, 18:00:00
May 24, 2018, 19:00:00
May 24, 2018, 20:00:00
May 24, 2018, 21:00:00
May 24, 2018, 22:00:00
May 24, 2018, 23:00:00
May 25, 2018, 00:00:00
May 25, 2018, 01:00:00
May 25, 2018, 02:00:00
May 25, 2018, 03:00:00
May 25, 2018, 04:00:00
May 25, 2018, 05:00:00
May 25, 2018, 06:00:00
May 25, 2018, 07:00:00
May 25, 2018, 08:00:00
May 25, 2018, 09:00:00
May 25, 2018, 10:00:00
May 25, 2018, 11:00:00
May 25, 2018, 12:00:00
May 25, 2018, 13:00:00
May 25, 2018, 14:00:00
May 25, 2018, 15:00:00
May 25, 2018, 16:00:00
May 25, 2018, 17:00:00
May 25, 2018, 18:00:00
May 25, 2018, 19:00:00
May 25, 2018, 20:00:00
May 25, 2018, 21:00:00
May 25, 2018, 22:00:00
May 25, 2018, 23:00:00
May 26, 2018, 00:00:00
May 26, 2018, 01:00:00
May 26, 2018, 02:00:00
May 26, 2018, 03:00:00
May 26, 2018, 04:00:00
May 26, 2018, 05:00:00
May 26, 2018, 06:00:00
May 26, 2018, 07:00:00
May 26, 2018, 08:00:00
May 26, 2018, 09:00:00
May 26, 2018, 10:00:00
May 26, 2018, 11:00:00
May 26, 2018, 12:00:00
May 26, 2018, 13:00:00
May 26, 2018, 14:00:00
May 26, 2018, 15:00:00
May 26, 2018, 16:00:00
May 26, 2018, 17:00:00
May 26, 2018, 18:00:00
May 26, 2018, 19:00:00
May 26, 2018, 20:00:00
May 26, 2018, 21:00:00
May 26, 2018, 22:00:00
May 26, 2018, 23:00:00
May 27, 2018, 00:00:00
May 27, 2018, 01:00:00
May 27, 2018, 02:00:00
May 27, 2018, 03:00:00
May 27, 2018, 04:00:00
May 27, 2018, 05:00:00
May 27, 2018, 06:00:00
May 27, 2018, 07:00:00
May 27, 2018, 08:00:00
May 27, 2018, 09:00:00
May 27, 2018, 10:00:00
May 27, 2018, 11:00:00
May 27, 2018, 12:00:00
May 27, 2018, 13:00:00
May 27, 2018, 14:00:00
May 27, 2018, 15:00:00
May 27, 2018, 16:00:00
May 27, 2018, 17:00:00
May 27, 2018, 18:00:00
May 27, 2018, 19:00:00
May 27, 2018, 20:00:00
May 27, 2018, 21:00:00
May 27, 2018, 22:00:00
May 27, 2018, 23:00:00
May 28, 2018, 00:00:00
May 28, 2018, 01:00:00
May 28, 2018, 02:00:00
May 28, 2018, 03:00:00
May 28, 2018, 04:00:00
May 28, 2018, 05:00:00
May 28, 2018, 06:00:00
May 28, 2018, 07:00:00
May 28, 2018, 08:00:00
May 28, 2018, 09:00:00
May 28, 2018, 10:00:00
May 28, 2018, 11:00:00
May 28, 2018, 12:00:00
May 28, 2018, 13:00:00
May 28, 2018, 14:00:00
May 28, 2018, 15:00:00
May 28, 2018, 16:00:00
May 28, 2018, 17:00:00
May 28, 2018, 18:00:00
May 28, 2018, 19:00:00
May 28, 2018, 20:00:00
May 28, 2018, 21:00:00
May 28, 2018, 22:00:00
May 28, 2018, 23:00:00
May 29, 2018, 00:00:00
May 29, 2018, 01:00:00
May 29, 2018, 02:00:00
May 29, 2018, 03:00:00
May 29, 2018, 04:00:00
May 29, 2018, 05:00:00
May 29, 2018, 06:00:00
May 29, 2018, 07:00:00
May 29, 2018, 08:00:00
May 29, 2018, 09:00:00
May 29, 2018, 10:00:00
May 29, 2018, 11:00:00
May 29, 2018, 12:00:00
May 29, 2018, 13:00:00
May 29, 2018, 14:00:00
May 29, 2018, 15:00:00
May 29, 2018, 16:00:00
May 29, 2018, 17:00:00
May 29, 2018, 18:00:00
May 29, 2018, 19:00:00
May 29, 2018, 20:00:00
May 29, 2018, 21:00:00
May 29, 2018, 22:00:00
May 29, 2018, 23:00:00
May 30, 2018, 00:00:00
May 30, 2018, 01:00:00
May 30, 2018, 02:00:00
May 30, 2018, 03:00:00
May 30, 2018, 04:00:00
May 30, 2018, 05:00:00
May 30, 2018, 06:00:00
May 30, 2018, 07:00:00
May 30, 2018, 08:00:00
May 30, 2018, 09:00:00
May 30, 2018, 10:00:00
May 30, 2018, 11:00:00
May 30, 2018, 12:00:00
May 30, 2018, 13:00:00
May 30, 2018, 14:00:00
May 30, 2018, 15:00:00
May 30, 2018, 16:00:00
May 30, 2018, 17:00:00
May 30, 2018, 18:00:00
May 30, 2018, 19:00:00
May 30, 2018, 20:00:00
May 30, 2018, 21:00:00
May 30, 2018, 22:00:00
May 30, 2018, 23:00:00
May 31, 2018, 00:00:00
May 31, 2018, 01:00:00
May 31, 2018, 02:00:00
May 31, 2018, 03:00:00
May 31, 2018, 04:00:00
May 31, 2018, 05:00:00
May 31, 2018, 06:00:00
May 31, 2018, 07:00:00
May 31, 2018, 08:00:00
May 31, 2018, 09:00:00
May 31, 2018, 10:00:00
May 31, 2018, 11:00:00
May 31, 2018, 12:00:00
May 31, 2018, 13:00:00
May 31, 2018, 14:00:00
May 31, 2018, 15:00:00
May 31, 2018, 16:00:00
May 31, 2018, 17:00:00
May 31, 2018, 18:00:00
May 31, 2018, 19:00:00
May 31, 2018, 20:00:00
May 31, 2018, 21:00:00
May 31, 2018, 22:00:00
May 31, 2018, 23:00:00
June 01, 2018, 00:00:00
June 01, 2018, 01:00:00
June 01, 2018, 02:00:00
June 01, 2018, 03:00:00
June 01, 2018, 04:00:00
June 01, 2018, 05:00:00
June 01, 2018, 06:00:00
June 01, 2018, 07:00:00
June 01, 2018, 08:00:00
June 01, 2018, 09:00:00
June 01, 2018, 10:00:00
June 01, 2018, 11:00:00
June 01, 2018, 12:00:00
June 01, 2018, 13:00:00
June 01, 2018, 14:00:00
June 01, 2018, 15:00:00
June 01, 2018, 16:00:00
